id,codi_estacio,codi_variable,data_lectura,data_extrem,valor_lectura,codi_estat,codi_base
V4320101150000,V4,32,2015-01-01T00:00:00.000,,-2.8,V,SH
V4400101150000,V4,40,2015-01-01T00:00:00.000,2015-01-01T00:00:00.000,-2.6,V,SH
V4420101150000,V4,42,2015-01-01T00:00:00.000,2015-01-01T00:15:00.000,-2.9,V,SH
V4720101150000,V4,72,2015-01-01T00:00:00.000,2015-01-01T00:00:00.000,0.0,V,SH
V4440101150000,V4,44,2015-01-01T00:00:00.000,2015-01-01T00:07:00.000,80.0,V,SH
V4030101150000,V4,3,2015-01-01T00:00:00.000,2015-01-01T00:19:00.000,81.0,V,SH
V4350101150000,V4,35,2015-01-01T00:00:00.000,,0.0,V,SH
V4330101150000,V4,33,2015-01-01T00:00:00.000,,81.0,V,SH
V4440101150030,V4,44,2015-01-01T00:30:00.000,2015-01-01T00:39:00.000,79.0,V,SH
V4030101150030,V4,3,2015-01-01T00:30:00.000,2015-01-01T00:30:00.000,80.0,V,SH
V4350101150030,V4,35,2015-01-01T00:30:00.000,,0.0,V,SH
V4330101150030,V4,33,2015-01-01T00:30:00.000,,80.0,V,SH
V4320101150030,V4,32,2015-01-01T00:30:00.000,,-2.9,V,SH
V4400101150030,V4,40,2015-01-01T00:30:00.000,2015-01-01T00:33:00.000,-2.6,V,SH
V4420101150030,V4,42,2015-01-01T00:30:00.000,2015-01-01T00:58:00.000,-3.2,V,SH
V4720101150030,V4,72,2015-01-01T00:30:00.000,2015-01-01T00:30:00.000,0.0,V,SH
V4440101150100,V4,44,2015-01-01T01:00:00.000,2015-01-01T01:27:00.000,81.0,V,SH
V4030101150100,V4,3,2015-01-01T01:00:00.000,2015-01-01T01:11:00.000,81.0,V,SH
V4350101150100,V4,35,2015-01-01T01:00:00.000,,0.0,V,SH
V4330101150100,V4,33,2015-01-01T01:00:00.000,,81.0,V,SH
V4320101150100,V4,32,2015-01-01T01:00:00.000,,-3.1,V,SH
V4400101150100,V4,40,2015-01-01T01:00:00.000,2015-01-01T01:19:00.000,-3.0,V,SH
V4420101150100,V4,42,2015-01-01T01:00:00.000,2015-01-01T01:29:00.000,-3.2,V,SH
V4720101150100,V4,72,2015-01-01T01:00:00.000,2015-01-01T01:00:00.000,0.0,V,SH
V4320101150130,V4,32,2015-01-01T01:30:00.000,,-3.1,V,SH
V4400101150130,V4,40,2015-01-01T01:30:00.000,2015-01-01T01:50:00.000,-2.9,V,SH
V4420101150130,V4,42,2015-01-01T01:30:00.000,2015-01-01T01:35:00.000,-3.2,V,SH
V4720101150130,V4,72,2015-01-01T01:30:00.000,2015-01-01T01:30:00.000,0.0,V,SH
V4440101150130,V4,44,2015-01-01T01:30:00.000,2015-01-01T01:53:00.000,80.0,V,SH
V4030101150130,V4,3,2015-01-01T01:30:00.000,2015-01-01T01:40:00.000,82.0,V,SH
V4350101150130,V4,35,2015-01-01T01:30:00.000,,0.0,V,SH
V4330101150130,V4,33,2015-01-01T01:30:00.000,,81.0,V,SH
V4720101150200,V4,72,2015-01-01T02:00:00.000,2015-01-01T02:00:00.000,0.0,V,SH
V4350101150200,V4,35,2015-01-01T02:00:00.000,,0.0,V,SH
V4420101150200,V4,42,2015-01-01T02:00:00.000,2015-01-01T02:25:00.000,-3.5,V,SH
V4400101150200,V4,40,2015-01-01T02:00:00.000,2015-01-01T02:07:00.000,-2.9,V,SH
V4440101150200,V4,44,2015-01-01T02:00:00.000,2015-01-01T02:20:00.000,79.0,V,SH
V4030101150200,V4,3,2015-01-01T02:00:00.000,2015-01-01T02:29:00.000,81.0,V,SH
V4320101150200,V4,32,2015-01-01T02:00:00.000,,-3.2,V,SH
V4330101150200,V4,33,2015-01-01T02:00:00.000,,80.0,V,SH
V4320101150230,V4,32,2015-01-01T02:30:00.000,,-3.7,V,SH
V4400101150230,V4,40,2015-01-01T02:30:00.000,2015-01-01T02:30:00.000,-3.5,V,SH
V4420101150230,V4,42,2015-01-01T02:30:00.000,2015-01-01T02:43:00.000,-3.8,V,SH
V4720101150230,V4,72,2015-01-01T02:30:00.000,2015-01-01T02:30:00.000,0.0,V,SH
V4440101150230,V4,44,2015-01-01T02:30:00.000,2015-01-01T02:30:00.000,81.0,V,SH
V4030101150230,V4,3,2015-01-01T02:30:00.000,2015-01-01T02:56:00.000,83.0,V,SH
V4350101150230,V4,35,2015-01-01T02:30:00.000,,0.0,V,SH
V4330101150230,V4,33,2015-01-01T02:30:00.000,,82.0,V,SH
V4320101150300,V4,32,2015-01-01T03:00:00.000,,-3.7,V,SH
V4440101150300,V4,44,2015-01-01T03:00:00.000,2015-01-01T03:00:00.000,83.0,V,SH
V4030101150300,V4,3,2015-01-01T03:00:00.000,2015-01-01T03:06:00.000,84.0,V,SH
V4330101150300,V4,33,2015-01-01T03:00:00.000,,83.0,V,SH
V4720101150300,V4,72,2015-01-01T03:00:00.000,2015-01-01T03:00:00.000,0.0,V,SH
V4400101150300,V4,40,2015-01-01T03:00:00.000,2015-01-01T03:27:00.000,-3.5,V,SH
V4420101150300,V4,42,2015-01-01T03:00:00.000,2015-01-01T03:02:00.000,-3.9,V,SH
V4350101150300,V4,35,2015-01-01T03:00:00.000,,0.0,V,SH
V4420101150330,V4,42,2015-01-01T03:30:00.000,2015-01-01T03:41:00.000,-3.8,V,SH
V4330101150330,V4,33,2015-01-01T03:30:00.000,,83.0,V,SH
V4440101150330,V4,44,2015-01-01T03:30:00.000,2015-01-01T03:32:00.000,83.0,V,SH
V4320101150330,V4,32,2015-01-01T03:30:00.000,,-3.7,V,SH
V4350101150330,V4,35,2015-01-01T03:30:00.000,,0.0,V,SH
V4400101150330,V4,40,2015-01-01T03:30:00.000,2015-01-01T03:30:00.000,-3.6,V,SH
V4720101150330,V4,72,2015-01-01T03:30:00.000,2015-01-01T03:30:00.000,0.0,V,SH
V4030101150330,V4,3,2015-01-01T03:30:00.000,2015-01-01T03:59:00.000,84.0,V,SH
V4400101150400,V4,40,2015-01-01T04:00:00.000,2015-01-01T04:09:00.000,-3.6,V,SH
V4420101150400,V4,42,2015-01-01T04:00:00.000,2015-01-01T04:20:00.000,-3.8,V,SH
V4330101150400,V4,33,2015-01-01T04:00:00.000,,84.0,V,SH
V4030101150400,V4,3,2015-01-01T04:00:00.000,2015-01-01T04:07:00.000,84.0,V,SH
V4720101150400,V4,72,2015-01-01T04:00:00.000,2015-01-01T04:00:00.000,0.0,V,SH
V4320101150400,V4,32,2015-01-01T04:00:00.000,,-3.7,V,SH
V4440101150400,V4,44,2015-01-01T04:00:00.000,2015-01-01T04:18:00.000,83.0,V,SH
V4350101150400,V4,35,2015-01-01T04:00:00.000,,0.0,V,SH
V4320101150430,V4,32,2015-01-01T04:30:00.000,,-3.7,V,SH
V4400101150430,V4,40,2015-01-01T04:30:00.000,2015-01-01T04:37:00.000,-3.6,V,SH
V4420101150430,V4,42,2015-01-01T04:30:00.000,2015-01-01T04:55:00.000,-3.8,V,SH
V4720101150430,V4,72,2015-01-01T04:30:00.000,2015-01-01T04:30:00.000,0.0,V,SH
V4440101150430,V4,44,2015-01-01T04:30:00.000,2015-01-01T04:47:00.000,82.0,V,SH
V4030101150430,V4,3,2015-01-01T04:30:00.000,2015-01-01T04:30:00.000,83.0,V,SH
V4350101150430,V4,35,2015-01-01T04:30:00.000,,0.0,V,SH
V4330101150430,V4,33,2015-01-01T04:30:00.000,,83.0,V,SH
V4720101150500,V4,72,2015-01-01T05:00:00.000,2015-01-01T05:00:00.000,0.0,V,SH
V4320101150500,V4,32,2015-01-01T05:00:00.000,,-3.5,V,SH
V4400101150500,V4,40,2015-01-01T05:00:00.000,2015-01-01T05:04:00.000,-3.5,V,SH
V4350101150500,V4,35,2015-01-01T05:00:00.000,,0.0,V,SH
V4030101150500,V4,3,2015-01-01T05:00:00.000,2015-01-01T05:01:00.000,83.0,V,SH
V4420101150500,V4,42,2015-01-01T05:00:00.000,2015-01-01T05:29:00.000,-3.6,V,SH
V4330101150500,V4,33,2015-01-01T05:00:00.000,,83.0,V,SH
V4440101150500,V4,44,2015-01-01T05:00:00.000,2015-01-01T05:06:00.000,83.0,V,SH
V4320101150530,V4,32,2015-01-01T05:30:00.000,,-3.8,V,SH
V4400101150530,V4,40,2015-01-01T05:30:00.000,2015-01-01T05:30:00.000,-3.6,V,SH
V4420101150530,V4,42,2015-01-01T05:30:00.000,2015-01-01T05:59:00.000,-4.0,V,SH
V4720101150530,V4,72,2015-01-01T05:30:00.000,2015-01-01T05:30:00.000,0.0,V,SH
V4440101150530,V4,44,2015-01-01T05:30:00.000,2015-01-01T05:30:00.000,83.0,V,SH
V4030101150530,V4,3,2015-01-01T05:30:00.000,2015-01-01T05:56:00.000,84.0,V,SH
V4350101150530,V4,35,2015-01-01T05:30:00.000,,0.0,V,SH
V4330101150530,V4,33,2015-01-01T05:30:00.000,,84.0,V,SH
V4320101150600,V4,32,2015-01-01T06:00:00.000,,-4.1,V,SH
V4400101150600,V4,40,2015-01-01T06:00:00.000,2015-01-01T06:05:00.000,-4.0,V,SH
V4420101150600,V4,42,2015-01-01T06:00:00.000,2015-01-01T06:27:00.000,-4.2,V,SH
V4720101150600,V4,72,2015-01-01T06:00:00.000,2015-01-01T06:00:00.000,0.0,V,SH
V4330101150600,V4,33,2015-01-01T06:00:00.000,,85.0,V,SH
V4440101150600,V4,44,2015-01-01T06:00:00.000,2015-01-01T06:00:00.000,84.0,V,SH
V4030101150600,V4,3,2015-01-01T06:00:00.000,2015-01-01T06:28:00.000,86.0,V,SH
V4350101150600,V4,35,2015-01-01T06:00:00.000,,0.0,V,SH
V4440101150630,V4,44,2015-01-01T06:30:00.000,2015-01-01T06:31:00.000,86.0,V,SH
V4030101150630,V4,3,2015-01-01T06:30:00.000,2015-01-01T06:57:00.000,88.0,V,SH
V4350101150630,V4,35,2015-01-01T06:30:00.000,,0.0,V,SH
V4330101150630,V4,33,2015-01-01T06:30:00.000,,87.0,V,SH
V4320101150630,V4,32,2015-01-01T06:30:00.000,,-4.2,V,SH
V4400101150630,V4,40,2015-01-01T06:30:00.000,2015-01-01T06:59:00.000,-3.8,V,SH
V4420101150630,V4,42,2015-01-01T06:30:00.000,2015-01-01T06:33:00.000,-4.3,V,SH
V4720101150630,V4,72,2015-01-01T06:30:00.000,2015-01-01T06:30:00.000,0.0,V,SH
V4030101150700,V4,3,2015-01-01T07:00:00.000,2015-01-01T07:00:00.000,88.0,V,SH
V4350101150700,V4,35,2015-01-01T07:00:00.000,,0.0,V,SH
V4720101150700,V4,72,2015-01-01T07:00:00.000,2015-01-01T07:00:00.000,0.0,V,SH
V4440101150700,V4,44,2015-01-01T07:00:00.000,2015-01-01T07:16:00.000,86.0,V,SH
V4400101150700,V4,40,2015-01-01T07:00:00.000,2015-01-01T07:01:00.000,-3.7,V,SH
V4420101150700,V4,42,2015-01-01T07:00:00.000,2015-01-01T07:21:00.000,-4.1,V,SH
V4330101150700,V4,33,2015-01-01T07:00:00.000,,87.0,V,SH
V4320101150700,V4,32,2015-01-01T07:00:00.000,,-3.9,V,SH
V4350101150730,V4,35,2015-01-01T07:30:00.000,,0.0,V,SH
V4320101150730,V4,32,2015-01-01T07:30:00.000,,-4.0,V,SH
V4720101150730,V4,72,2015-01-01T07:30:00.000,2015-01-01T07:30:00.000,0.0,V,SH
V4030101150730,V4,3,2015-01-01T07:30:00.000,2015-01-01T07:43:00.000,87.0,V,SH
V4420101150730,V4,42,2015-01-01T07:30:00.000,2015-01-01T07:59:00.000,-4.3,V,SH
V4330101150730,V4,33,2015-01-01T07:30:00.000,,87.0,V,SH
V4440101150730,V4,44,2015-01-01T07:30:00.000,2015-01-01T07:56:00.000,87.0,V,SH
V4400101150730,V4,40,2015-01-01T07:30:00.000,2015-01-01T07:46:00.000,-3.9,V,SH
V4030101150800,V4,3,2015-01-01T08:00:00.000,2015-01-01T08:10:00.000,88.0,V,SH
V4420101150800,V4,42,2015-01-01T08:00:00.000,2015-01-01T08:00:00.000,-4.3,V,SH
V4330101150800,V4,33,2015-01-01T08:00:00.000,,88.0,V,SH
V4400101150800,V4,40,2015-01-01T08:00:00.000,2015-01-01T08:28:00.000,-3.7,V,SH
V4350101150800,V4,35,2015-01-01T08:00:00.000,,0.0,V,SH
V4720101150800,V4,72,2015-01-01T08:00:00.000,2015-01-01T08:00:00.000,0.0,V,SH
V4320101150800,V4,32,2015-01-01T08:00:00.000,,-4.0,V,SH
V4440101150800,V4,44,2015-01-01T08:00:00.000,2015-01-01T08:00:00.000,87.0,V,SH
V4320101150830,V4,32,2015-01-01T08:30:00.000,,-2.4,V,SH
V4400101150830,V4,40,2015-01-01T08:30:00.000,2015-01-01T08:59:00.000,-1.1,V,SH
V4330101150830,V4,33,2015-01-01T08:30:00.000,,87.0,V,SH
V4420101150830,V4,42,2015-01-01T08:30:00.000,2015-01-01T08:30:00.000,-3.7,V,SH
V4030101150830,V4,3,2015-01-01T08:30:00.000,2015-01-01T08:43:00.000,89.0,V,SH
V4350101150830,V4,35,2015-01-01T08:30:00.000,,0.0,V,SH
V4720101150830,V4,72,2015-01-01T08:30:00.000,2015-01-01T08:30:00.000,0.0,V,SH
V4440101150830,V4,44,2015-01-01T08:30:00.000,2015-01-01T08:57:00.000,85.0,V,SH
V4720101150900,V4,72,2015-01-01T09:00:00.000,2015-01-01T09:00:00.000,0.0,V,SH
V4400101150900,V4,40,2015-01-01T09:00:00.000,2015-01-01T09:29:00.000,-0.2,V,SH
V4420101150900,V4,42,2015-01-01T09:00:00.000,2015-01-01T09:00:00.000,-1.0,V,SH
V4350101150900,V4,35,2015-01-01T09:00:00.000,,0.0,V,SH
V4440101150900,V4,44,2015-01-01T09:00:00.000,2015-01-01T09:29:00.000,79.0,V,SH
V4320101150900,V4,32,2015-01-01T09:00:00.000,,-0.7,V,SH
V4030101150900,V4,3,2015-01-01T09:00:00.000,2015-01-01T09:00:00.000,85.0,V,SH
V4330101150900,V4,33,2015-01-01T09:00:00.000,,81.0,V,SH
V4320101150930,V4,32,2015-01-01T09:30:00.000,,0.5,V,SH
V4400101150930,V4,40,2015-01-01T09:30:00.000,2015-01-01T09:59:00.000,1.0,V,SH
V4420101150930,V4,42,2015-01-01T09:30:00.000,2015-01-01T09:30:00.000,-0.2,V,SH
V4720101150930,V4,72,2015-01-01T09:30:00.000,2015-01-01T09:30:00.000,0.0,V,SH
V4440101150930,V4,44,2015-01-01T09:30:00.000,2015-01-01T09:56:00.000,69.0,V,SH
V4030101150930,V4,3,2015-01-01T09:30:00.000,2015-01-01T09:30:00.000,78.0,V,SH
V4350101150930,V4,35,2015-01-01T09:30:00.000,,0.0,V,SH
V4330101150930,V4,33,2015-01-01T09:30:00.000,,74.0,V,SH
V4350101151000,V4,35,2015-01-01T10:00:00.000,,0.0,V,SH
V4720101151000,V4,72,2015-01-01T10:00:00.000,2015-01-01T10:00:00.000,0.0,V,SH
V4320101151000,V4,32,2015-01-01T10:00:00.000,,2.5,V,SH
V4030101151000,V4,3,2015-01-01T10:00:00.000,2015-01-01T10:04:00.000,70.0,V,SH
V4420101151000,V4,42,2015-01-01T10:00:00.000,2015-01-01T10:00:00.000,1.1,V,SH
V4330101151000,V4,33,2015-01-01T10:00:00.000,,67.0,V,SH
V4440101151000,V4,44,2015-01-01T10:00:00.000,2015-01-01T10:29:00.000,62.0,V,SH
V4400101151000,V4,40,2015-01-01T10:00:00.000,2015-01-01T10:29:00.000,3.6,V,SH
V4420101151030,V4,42,2015-01-01T10:30:00.000,2015-01-01T10:30:00.000,3.7,V,SH
V4330101151030,V4,33,2015-01-01T10:30:00.000,,59.0,V,SH
V4440101151030,V4,44,2015-01-01T10:30:00.000,2015-01-01T10:55:00.000,57.0,V,SH
V4720101151030,V4,72,2015-01-01T10:30:00.000,2015-01-01T10:30:00.000,0.0,V,SH
V4350101151030,V4,35,2015-01-01T10:30:00.000,,0.0,V,SH
V4320101151030,V4,32,2015-01-01T10:30:00.000,,4.4,V,SH
V4400101151030,V4,40,2015-01-01T10:30:00.000,2015-01-01T10:58:00.000,4.8,V,SH
V4030101151030,V4,3,2015-01-01T10:30:00.000,2015-01-01T10:31:00.000,63.0,V,SH
V4350101151100,V4,35,2015-01-01T11:00:00.000,,0.0,V,SH
V4720101151100,V4,72,2015-01-01T11:00:00.000,2015-01-01T11:00:00.000,0.0,V,SH
V4400101151100,V4,40,2015-01-01T11:00:00.000,2015-01-01T11:29:00.000,6.1,V,SH
V4320101151100,V4,32,2015-01-01T11:00:00.000,,5.4,V,SH
V4330101151100,V4,33,2015-01-01T11:00:00.000,,56.0,V,SH
V4440101151100,V4,44,2015-01-01T11:00:00.000,2015-01-01T11:23:00.000,53.0,V,SH
V4030101151100,V4,3,2015-01-01T11:00:00.000,2015-01-01T11:02:00.000,59.0,V,SH
V4420101151100,V4,42,2015-01-01T11:00:00.000,2015-01-01T11:00:00.000,4.7,V,SH
V4320101151130,V4,32,2015-01-01T11:30:00.000,,6.8,V,SH
V4400101151130,V4,40,2015-01-01T11:30:00.000,2015-01-01T11:59:00.000,7.1,V,SH
V4420101151130,V4,42,2015-01-01T11:30:00.000,2015-01-01T11:30:00.000,6.2,V,SH
V4720101151130,V4,72,2015-01-01T11:30:00.000,2015-01-01T11:30:00.000,0.0,V,SH
V4440101151130,V4,44,2015-01-01T11:30:00.000,2015-01-01T11:52:00.000,51.0,V,SH
V4030101151130,V4,3,2015-01-01T11:30:00.000,2015-01-01T11:32:00.000,54.0,V,SH
V4350101151130,V4,35,2015-01-01T11:30:00.000,,0.0,V,SH
V4330101151130,V4,33,2015-01-01T11:30:00.000,,52.0,V,SH
V4320101151200,V4,32,2015-01-01T12:00:00.000,,7.3,V,SH
V4400101151200,V4,40,2015-01-01T12:00:00.000,2015-01-01T12:28:00.000,7.8,V,SH
V4420101151200,V4,42,2015-01-01T12:00:00.000,2015-01-01T12:10:00.000,7.0,V,SH
V4330101151200,V4,33,2015-01-01T12:00:00.000,,51.0,V,SH
V4720101151200,V4,72,2015-01-01T12:00:00.000,2015-01-01T12:00:00.000,0.0,V,SH
V4440101151200,V4,44,2015-01-01T12:00:00.000,2015-01-01T12:29:00.000,48.0,V,SH
V4030101151200,V4,3,2015-01-01T12:00:00.000,2015-01-01T12:15:00.000,53.0,V,SH
V4350101151200,V4,35,2015-01-01T12:00:00.000,,0.0,V,SH
V4030101151230,V4,3,2015-01-01T12:30:00.000,2015-01-01T12:31:00.000,50.0,V,SH
V4350101151230,V4,35,2015-01-01T12:30:00.000,,0.0,V,SH
V4720101151230,V4,72,2015-01-01T12:30:00.000,2015-01-01T12:30:00.000,0.0,V,SH
V4440101151230,V4,44,2015-01-01T12:30:00.000,2015-01-01T12:54:00.000,47.0,V,SH
V4330101151230,V4,33,2015-01-01T12:30:00.000,,49.0,V,SH
V4320101151230,V4,32,2015-01-01T12:30:00.000,,7.9,V,SH
V4400101151230,V4,40,2015-01-01T12:30:00.000,2015-01-01T12:41:00.000,8.0,V,SH
V4420101151230,V4,42,2015-01-01T12:30:00.000,2015-01-01T12:30:00.000,7.8,V,SH
V4720101151300,V4,72,2015-01-01T13:00:00.000,2015-01-01T13:00:00.000,0.0,V,SH
V4320101151300,V4,32,2015-01-01T13:00:00.000,,8.4,V,SH
V4400101151300,V4,40,2015-01-01T13:00:00.000,2015-01-01T13:25:00.000,8.8,V,SH
V4420101151300,V4,42,2015-01-01T13:00:00.000,2015-01-01T13:01:00.000,7.9,V,SH
V4350101151300,V4,35,2015-01-01T13:00:00.000,,0.0,V,SH
V4030101151300,V4,3,2015-01-01T13:00:00.000,2015-01-01T13:09:00.000,50.0,V,SH
V4440101151300,V4,44,2015-01-01T13:00:00.000,2015-01-01T13:28:00.000,46.0,V,SH
V4330101151300,V4,33,2015-01-01T13:00:00.000,,48.0,V,SH
V4720101151330,V4,72,2015-01-01T13:30:00.000,2015-01-01T13:30:00.000,0.0,V,SH
V4320101151330,V4,32,2015-01-01T13:30:00.000,,8.8,V,SH
V4400101151330,V4,40,2015-01-01T13:30:00.000,2015-01-01T13:50:00.000,9.1,V,SH
V4350101151330,V4,35,2015-01-01T13:30:00.000,,0.0,V,SH
V4330101151330,V4,33,2015-01-01T13:30:00.000,,47.0,V,SH
V4440101151330,V4,44,2015-01-01T13:30:00.000,2015-01-01T13:53:00.000,45.0,V,SH
V4030101151330,V4,3,2015-01-01T13:30:00.000,2015-01-01T13:59:00.000,48.0,V,SH
V4420101151330,V4,42,2015-01-01T13:30:00.000,2015-01-01T13:32:00.000,8.5,V,SH
V4330101151400,V4,33,2015-01-01T14:00:00.000,,46.0,V,SH
V4420101151400,V4,42,2015-01-01T14:00:00.000,2015-01-01T14:29:00.000,8.6,V,SH
V4320101151400,V4,32,2015-01-01T14:00:00.000,,9.2,V,SH
V4720101151400,V4,72,2015-01-01T14:00:00.000,2015-01-01T14:00:00.000,0.0,V,SH
V4440101151400,V4,44,2015-01-01T14:00:00.000,2015-01-01T14:12:00.000,45.0,V,SH
V4030101151400,V4,3,2015-01-01T14:00:00.000,2015-01-01T14:03:00.000,48.0,V,SH
V4350101151400,V4,35,2015-01-01T14:00:00.000,,0.0,V,SH
V4400101151400,V4,40,2015-01-01T14:00:00.000,2015-01-01T14:12:00.000,9.5,V,SH
V4400101151430,V4,40,2015-01-01T14:30:00.000,2015-01-01T14:57:00.000,9.3,V,SH
V4420101151430,V4,42,2015-01-01T14:30:00.000,2015-01-01T14:32:00.000,8.5,V,SH
V4330101151430,V4,33,2015-01-01T14:30:00.000,,48.0,V,SH
V4350101151430,V4,35,2015-01-01T14:30:00.000,,0.0,V,SH
V4030101151430,V4,3,2015-01-01T14:30:00.000,2015-01-01T14:51:00.000,49.0,V,SH
V4320101151430,V4,32,2015-01-01T14:30:00.000,,8.8,V,SH
V4720101151430,V4,72,2015-01-01T14:30:00.000,2015-01-01T14:30:00.000,0.0,V,SH
V4440101151430,V4,44,2015-01-01T14:30:00.000,2015-01-01T14:58:00.000,46.0,V,SH
V4030101151500,V4,3,2015-01-01T15:00:00.000,2015-01-01T15:04:00.000,49.0,V,SH
V4350101151500,V4,35,2015-01-01T15:00:00.000,,0.0,V,SH
V4320101151500,V4,32,2015-01-01T15:00:00.000,,9.2,V,SH
V4720101151500,V4,72,2015-01-01T15:00:00.000,2015-01-01T15:00:00.000,0.0,V,SH
V4420101151500,V4,42,2015-01-01T15:00:00.000,2015-01-01T15:29:00.000,8.9,V,SH
V4330101151500,V4,33,2015-01-01T15:00:00.000,,48.0,V,SH
V4440101151500,V4,44,2015-01-01T15:00:00.000,2015-01-01T15:08:00.000,47.0,V,SH
V4400101151500,V4,40,2015-01-01T15:00:00.000,2015-01-01T15:12:00.000,9.5,V,SH
V4420101151530,V4,42,2015-01-01T15:30:00.000,2015-01-01T15:59:00.000,8.2,V,SH
V4720101151530,V4,72,2015-01-01T15:30:00.000,2015-01-01T15:30:00.000,0.0,V,SH
V4350101151530,V4,35,2015-01-01T15:30:00.000,,0.0,V,SH
V4030101151530,V4,3,2015-01-01T15:30:00.000,2015-01-01T15:51:00.000,51.0,V,SH
V4440101151530,V4,44,2015-01-01T15:30:00.000,2015-01-01T15:30:00.000,49.0,V,SH
V4400101151530,V4,40,2015-01-01T15:30:00.000,2015-01-01T15:33:00.000,8.9,V,SH
V4320101151530,V4,32,2015-01-01T15:30:00.000,,8.7,V,SH
V4330101151530,V4,33,2015-01-01T15:30:00.000,,50.0,V,SH
V4030101151600,V4,3,2015-01-01T16:00:00.000,2015-01-01T16:29:00.000,59.0,V,SH
V4350101151600,V4,35,2015-01-01T16:00:00.000,,0.0,V,SH
V4720101151600,V4,72,2015-01-01T16:00:00.000,2015-01-01T16:00:00.000,0.0,V,SH
V4440101151600,V4,44,2015-01-01T16:00:00.000,2015-01-01T16:00:00.000,50.0,V,SH
V4400101151600,V4,40,2015-01-01T16:00:00.000,2015-01-01T16:00:00.000,8.2,V,SH
V4420101151600,V4,42,2015-01-01T16:00:00.000,2015-01-01T16:29:00.000,5.9,V,SH
V4330101151600,V4,33,2015-01-01T16:00:00.000,,55.0,V,SH
V4320101151600,V4,32,2015-01-01T16:00:00.000,,6.9,V,SH
V4440101151630,V4,44,2015-01-01T16:30:00.000,2015-01-01T16:30:00.000,59.0,V,SH
V4030101151630,V4,3,2015-01-01T16:30:00.000,2015-01-01T16:59:00.000,62.0,V,SH
V4350101151630,V4,35,2015-01-01T16:30:00.000,,0.0,V,SH
V4720101151630,V4,72,2015-01-01T16:30:00.000,2015-01-01T16:30:00.000,0.0,V,SH
V4400101151630,V4,40,2015-01-01T16:30:00.000,2015-01-01T16:30:00.000,5.8,V,SH
V4420101151630,V4,42,2015-01-01T16:30:00.000,2015-01-01T16:59:00.000,4.8,V,SH
V4330101151630,V4,33,2015-01-01T16:30:00.000,,61.0,V,SH
V4320101151630,V4,32,2015-01-01T16:30:00.000,,5.3,V,SH
V4720101151700,V4,72,2015-01-01T17:00:00.000,2015-01-01T17:00:00.000,0.0,V,SH
V4320101151700,V4,32,2015-01-01T17:00:00.000,,4.3,V,SH
V4400101151700,V4,40,2015-01-01T17:00:00.000,2015-01-01T17:00:00.000,4.8,V,SH
V4350101151700,V4,35,2015-01-01T17:00:00.000,,0.0,V,SH
V4330101151700,V4,33,2015-01-01T17:00:00.000,,65.0,V,SH
V4440101151700,V4,44,2015-01-01T17:00:00.000,2015-01-01T17:00:00.000,62.0,V,SH
V4030101151700,V4,3,2015-01-01T17:00:00.000,2015-01-01T17:29:00.000,66.0,V,SH
V4420101151700,V4,42,2015-01-01T17:00:00.000,2015-01-01T17:29:00.000,3.6,V,SH
V4330101151730,V4,33,2015-01-01T17:30:00.000,,69.0,V,SH
V4440101151730,V4,44,2015-01-01T17:30:00.000,2015-01-01T17:30:00.000,67.0,V,SH
V4030101151730,V4,3,2015-01-01T17:30:00.000,2015-01-01T17:55:00.000,71.0,V,SH
V4420101151730,V4,42,2015-01-01T17:30:00.000,2015-01-01T17:59:00.000,2.3,V,SH
V4720101151730,V4,72,2015-01-01T17:30:00.000,2015-01-01T17:30:00.000,0.0,V,SH
V4320101151730,V4,32,2015-01-01T17:30:00.000,,2.9,V,SH
V4400101151730,V4,40,2015-01-01T17:30:00.000,2015-01-01T17:30:00.000,3.5,V,SH
V4350101151730,V4,35,2015-01-01T17:30:00.000,,0.0,V,SH
V4030101151800,V4,3,2015-01-01T18:00:00.000,2015-01-01T18:29:00.000,78.0,V,SH
V4320101151800,V4,32,2015-01-01T18:00:00.000,,1.6,V,SH
V4400101151800,V4,40,2015-01-01T18:00:00.000,2015-01-01T18:00:00.000,2.2,V,SH
V4440101151800,V4,44,2015-01-01T18:00:00.000,2015-01-01T18:00:00.000,71.0,V,SH
V4330101151800,V4,33,2015-01-01T18:00:00.000,,75.0,V,SH
V4350101151800,V4,35,2015-01-01T18:00:00.000,,0.0,V,SH
V4720101151800,V4,72,2015-01-01T18:00:00.000,2015-01-01T18:00:00.000,0.0,V,SH
V4420101151800,V4,42,2015-01-01T18:00:00.000,2015-01-01T18:27:00.000,1.3,V,SH
V4320101151830,V4,32,2015-01-01T18:30:00.000,,1.2,V,SH
V4400101151830,V4,40,2015-01-01T18:30:00.000,2015-01-01T18:35:00.000,1.4,V,SH
V4420101151830,V4,42,2015-01-01T18:30:00.000,2015-01-01T18:59:00.000,0.9,V,SH
V4720101151830,V4,72,2015-01-01T18:30:00.000,2015-01-01T18:30:00.000,0.0,V,SH
V4440101151830,V4,44,2015-01-01T18:30:00.000,2015-01-01T18:30:00.000,78.0,V,SH
V4030101151830,V4,3,2015-01-01T18:30:00.000,2015-01-01T18:59:00.000,80.0,V,SH
V4350101151830,V4,35,2015-01-01T18:30:00.000,,0.0,V,SH
V4330101151830,V4,33,2015-01-01T18:30:00.000,,79.0,V,SH
V4320101151900,V4,32,2015-01-01T19:00:00.000,,0.5,V,SH
V4400101151900,V4,40,2015-01-01T19:00:00.000,2015-01-01T19:00:00.000,0.8,V,SH
V4420101151900,V4,42,2015-01-01T19:00:00.000,2015-01-01T19:09:00.000,0.4,V,SH
V4720101151900,V4,72,2015-01-01T19:00:00.000,2015-01-01T19:00:00.000,0.0,V,SH
V4440101151900,V4,44,2015-01-01T19:00:00.000,2015-01-01T19:01:00.000,80.0,V,SH
V4030101151900,V4,3,2015-01-01T19:00:00.000,2015-01-01T19:28:00.000,83.0,V,SH
V4350101151900,V4,35,2015-01-01T19:00:00.000,,0.0,V,SH
V4330101151900,V4,33,2015-01-01T19:00:00.000,,81.0,V,SH
V4350101151930,V4,35,2015-01-01T19:30:00.000,,0.0,V,SH
V4720101151930,V4,72,2015-01-01T19:30:00.000,2015-01-01T19:30:00.000,0.0,V,SH
V4320101151930,V4,32,2015-01-01T19:30:00.000,,0.4,V,SH
V4030101151930,V4,3,2015-01-01T19:30:00.000,2015-01-01T19:39:00.000,84.0,V,SH
V4420101151930,V4,42,2015-01-01T19:30:00.000,2015-01-01T19:59:00.000,0.0,V,SH
V4330101151930,V4,33,2015-01-01T19:30:00.000,,83.0,V,SH
V4440101151930,V4,44,2015-01-01T19:30:00.000,2015-01-01T19:53:00.000,83.0,V,SH
V4400101151930,V4,40,2015-01-01T19:30:00.000,2015-01-01T19:40:00.000,0.6,V,SH
V4320101152000,V4,32,2015-01-01T20:00:00.000,,-0.2,V,SH
V4400101152000,V4,40,2015-01-01T20:00:00.000,2015-01-01T20:05:00.000,0.0,V,SH
V4420101152000,V4,42,2015-01-01T20:00:00.000,2015-01-01T20:29:00.000,-0.5,V,SH
V4720101152000,V4,72,2015-01-01T20:00:00.000,2015-01-01T20:00:00.000,0.0,V,SH
V4440101152000,V4,44,2015-01-01T20:00:00.000,2015-01-01T20:00:00.000,83.0,V,SH
V4030101152000,V4,3,2015-01-01T20:00:00.000,2015-01-01T20:29:00.000,85.0,V,SH
V4350101152000,V4,35,2015-01-01T20:00:00.000,,0.0,V,SH
V4330101152000,V4,33,2015-01-01T20:00:00.000,,84.0,V,SH
V4030101152030,V4,3,2015-01-01T20:30:00.000,2015-01-01T20:44:00.000,87.0,V,SH
V4350101152030,V4,35,2015-01-01T20:30:00.000,,0.0,V,SH
V4720101152030,V4,72,2015-01-01T20:30:00.000,2015-01-01T20:30:00.000,0.0,V,SH
V4440101152030,V4,44,2015-01-01T20:30:00.000,2015-01-01T20:30:00.000,85.0,V,SH
V4400101152030,V4,40,2015-01-01T20:30:00.000,2015-01-01T20:46:00.000,-0.2,V,SH
V4420101152030,V4,42,2015-01-01T20:30:00.000,2015-01-01T20:59:00.000,-0.7,V,SH
V4330101152030,V4,33,2015-01-01T20:30:00.000,,86.0,V,SH
V4320101152030,V4,32,2015-01-01T20:30:00.000,,-0.3,V,SH
V4400101152100,V4,40,2015-01-01T21:00:00.000,2015-01-01T21:28:00.000,0.0,V,SH
V4420101152100,V4,42,2015-01-01T21:00:00.000,2015-01-01T21:02:00.000,-0.8,V,SH
V4330101152100,V4,33,2015-01-01T21:00:00.000,,88.0,V,SH
V4720101152100,V4,72,2015-01-01T21:00:00.000,2015-01-01T21:00:00.000,0.0,V,SH
V4030101152100,V4,3,2015-01-01T21:00:00.000,2015-01-01T21:17:00.000,88.0,V,SH
V4350101152100,V4,35,2015-01-01T21:00:00.000,,0.0,V,SH
V4320101152100,V4,32,2015-01-01T21:00:00.000,,-0.4,V,SH
V4440101152100,V4,44,2015-01-01T21:00:00.000,2015-01-01T21:00:00.000,86.0,V,SH
V4420101152130,V4,42,2015-01-01T21:30:00.000,2015-01-01T21:51:00.000,-0.6,V,SH
V4330101152130,V4,33,2015-01-01T21:30:00.000,,86.0,V,SH
V4440101152130,V4,44,2015-01-01T21:30:00.000,2015-01-01T21:46:00.000,85.0,V,SH
V4400101152130,V4,40,2015-01-01T21:30:00.000,2015-01-01T21:30:00.000,0.0,V,SH
V4720101152130,V4,72,2015-01-01T21:30:00.000,2015-01-01T21:30:00.000,0.0,V,SH
V4030101152130,V4,3,2015-01-01T21:30:00.000,2015-01-01T21:30:00.000,87.0,V,SH
V4320101152130,V4,32,2015-01-01T21:30:00.000,,-0.3,V,SH
V4350101152130,V4,35,2015-01-01T21:30:00.000,,0.0,V,SH
V4330101152200,V4,33,2015-01-01T22:00:00.000,,86.0,V,SH
V4440101152200,V4,44,2015-01-01T22:00:00.000,2015-01-01T22:29:00.000,84.0,V,SH
V4320101152200,V4,32,2015-01-01T22:00:00.000,,-0.3,V,SH
V4720101152200,V4,72,2015-01-01T22:00:00.000,2015-01-01T22:00:00.000,0.0,V,SH
V4420101152200,V4,42,2015-01-01T22:00:00.000,2015-01-01T22:00:00.000,-0.5,V,SH
V4030101152200,V4,3,2015-01-01T22:00:00.000,2015-01-01T22:07:00.000,87.0,V,SH
V4350101152200,V4,35,2015-01-01T22:00:00.000,,0.0,V,SH
V4400101152200,V4,40,2015-01-01T22:00:00.000,2015-01-01T22:26:00.000,0.0,V,SH
V4400101152230,V4,40,2015-01-01T22:30:00.000,2015-01-01T22:38:00.000,-0.1,V,SH
V4720101152230,V4,72,2015-01-01T22:30:00.000,2015-01-01T22:30:00.000,0.0,V,SH
V4330101152230,V4,33,2015-01-01T22:30:00.000,,84.0,V,SH
V4420101152230,V4,42,2015-01-01T22:30:00.000,2015-01-01T22:59:00.000,-0.6,V,SH
V4320101152230,V4,32,2015-01-01T22:30:00.000,,-0.2,V,SH
V4350101152230,V4,35,2015-01-01T22:30:00.000,,0.0,V,SH
V4030101152230,V4,3,2015-01-01T22:30:00.000,2015-01-01T22:52:00.000,85.0,V,SH
V4440101152230,V4,44,2015-01-01T22:30:00.000,2015-01-01T22:58:00.000,83.0,V,SH
V4320101152300,V4,32,2015-01-01T23:00:00.000,,-1.1,V,SH
V4400101152300,V4,40,2015-01-01T23:00:00.000,2015-01-01T23:00:00.000,-0.6,V,SH
V4420101152300,V4,42,2015-01-01T23:00:00.000,2015-01-01T23:29:00.000,-1.6,V,SH
V4720101152300,V4,72,2015-01-01T23:00:00.000,2015-01-01T23:00:00.000,0.0,V,SH
V4440101152300,V4,44,2015-01-01T23:00:00.000,2015-01-01T23:01:00.000,83.0,V,SH
V4030101152300,V4,3,2015-01-01T23:00:00.000,2015-01-01T23:29:00.000,86.0,V,SH
V4350101152300,V4,35,2015-01-01T23:00:00.000,,0.0,V,SH
V4330101152300,V4,33,2015-01-01T23:00:00.000,,84.0,V,SH
V4350101152330,V4,35,2015-01-01T23:30:00.000,,0.0,V,SH
V4720101152330,V4,72,2015-01-01T23:30:00.000,2015-01-01T23:30:00.000,0.0,V,SH
V4400101152330,V4,40,2015-01-01T23:30:00.000,2015-01-01T23:52:00.000,-1.1,V,SH
V4440101152330,V4,44,2015-01-01T23:30:00.000,2015-01-01T23:30:00.000,86.0,V,SH
V4320101152330,V4,32,2015-01-01T23:30:00.000,,-1.3,V,SH
V4420101152330,V4,42,2015-01-01T23:30:00.000,2015-01-01T23:30:00.000,-1.6,V,SH
V4330101152330,V4,33,2015-01-01T23:30:00.000,,88.0,V,SH
V4030101152330,V4,3,2015-01-01T23:30:00.000,2015-01-01T23:45:00.000,89.0,V,SH
V4330201150000,V4,33,2015-01-02T00:00:00.000,,87.0,V,SH
V4320201150000,V4,32,2015-01-02T00:00:00.000,,-1.3,V,SH
V4440201150000,V4,44,2015-01-02T00:00:00.000,2015-01-02T00:29:00.000,86.0,V,SH
V4420201150000,V4,42,2015-01-02T00:00:00.000,2015-01-02T00:29:00.000,-1.4,V,SH
V4350201150000,V4,35,2015-01-02T00:00:00.000,,0.0,V,SH
V4720201150000,V4,72,2015-01-02T00:00:00.000,2015-01-02T00:00:00.000,0.0,V,SH
V4400201150000,V4,40,2015-01-02T00:00:00.000,2015-01-02T00:00:00.000,-1.2,V,SH
V4030201150000,V4,3,2015-01-02T00:00:00.000,2015-01-02T00:12:00.000,87.0,V,SH
V4420201150030,V4,42,2015-01-02T00:30:00.000,2015-01-02T00:59:00.000,-2.1,V,SH
V4330201150030,V4,33,2015-01-02T00:30:00.000,,87.0,V,SH
V4320201150030,V4,32,2015-01-02T00:30:00.000,,-1.8,V,SH
V4720201150030,V4,72,2015-01-02T00:30:00.000,2015-01-02T00:30:00.000,0.0,V,SH
V4440201150030,V4,44,2015-01-02T00:30:00.000,2015-01-02T00:33:00.000,86.0,V,SH
V4030201150030,V4,3,2015-01-02T00:30:00.000,2015-01-02T00:58:00.000,87.0,V,SH
V4350201150030,V4,35,2015-01-02T00:30:00.000,,0.0,V,SH
V4400201150030,V4,40,2015-01-02T00:30:00.000,2015-01-02T00:30:00.000,-1.5,V,SH
V4320201150100,V4,32,2015-01-02T01:00:00.000,,-2.2,V,SH
V4400201150100,V4,40,2015-01-02T01:00:00.000,2015-01-02T01:01:00.000,-2.1,V,SH
V4420201150100,V4,42,2015-01-02T01:00:00.000,2015-01-02T01:17:00.000,-2.3,V,SH
V4720201150100,V4,72,2015-01-02T01:00:00.000,2015-01-02T01:00:00.000,0.0,V,SH
V4440201150100,V4,44,2015-01-02T01:00:00.000,2015-01-02T01:00:00.000,87.0,V,SH
V4030201150100,V4,3,2015-01-02T01:00:00.000,2015-01-02T01:29:00.000,89.0,V,SH
V4350201150100,V4,35,2015-01-02T01:00:00.000,,0.0,V,SH
V4330201150100,V4,33,2015-01-02T01:00:00.000,,88.0,V,SH
V4320201150130,V4,32,2015-01-02T01:30:00.000,,-2.2,V,SH
V4400201150130,V4,40,2015-01-02T01:30:00.000,2015-01-02T01:57:00.000,-2.0,V,SH
V4420201150130,V4,42,2015-01-02T01:30:00.000,2015-01-02T01:42:00.000,-2.2,V,SH
V4720201150130,V4,72,2015-01-02T01:30:00.000,2015-01-02T01:30:00.000,0.0,V,SH
V4440201150130,V4,44,2015-01-02T01:30:00.000,2015-01-02T01:39:00.000,88.0,V,SH
V4030201150130,V4,3,2015-01-02T01:30:00.000,2015-01-02T01:45:00.000,89.0,V,SH
V4350201150130,V4,35,2015-01-02T01:30:00.000,,0.0,V,SH
V4330201150130,V4,33,2015-01-02T01:30:00.000,,89.0,V,SH
V4320201150200,V4,32,2015-01-02T02:00:00.000,,-2.2,V,SH
V4400201150200,V4,40,2015-01-02T02:00:00.000,2015-01-02T02:00:00.000,-2.1,V,SH
V4420201150200,V4,42,2015-01-02T02:00:00.000,2015-01-02T02:19:00.000,-2.2,V,SH
V4720201150200,V4,72,2015-01-02T02:00:00.000,2015-01-02T02:00:00.000,0.0,V,SH
V4440201150200,V4,44,2015-01-02T02:00:00.000,2015-01-02T02:18:00.000,87.0,V,SH
V4030201150200,V4,3,2015-01-02T02:00:00.000,2015-01-02T02:00:00.000,88.0,V,SH
V4350201150200,V4,35,2015-01-02T02:00:00.000,,0.0,V,SH
V4330201150200,V4,33,2015-01-02T02:00:00.000,,88.0,V,SH
V4320201150230,V4,32,2015-01-02T02:30:00.000,,-1.5,V,SH
V4400201150230,V4,40,2015-01-02T02:30:00.000,2015-01-02T02:51:00.000,-0.9,V,SH
V4030201150230,V4,3,2015-01-02T02:30:00.000,2015-01-02T02:30:00.000,87.0,V,SH
V4440201150230,V4,44,2015-01-02T02:30:00.000,2015-01-02T02:59:00.000,80.0,V,SH
V4720201150230,V4,72,2015-01-02T02:30:00.000,2015-01-02T02:30:00.000,0.0,V,SH
V4420201150230,V4,42,2015-01-02T02:30:00.000,2015-01-02T02:30:00.000,-2.1,V,SH
V4330201150230,V4,33,2015-01-02T02:30:00.000,,85.0,V,SH
V4350201150230,V4,35,2015-01-02T02:30:00.000,,0.0,V,SH
V4320201150300,V4,32,2015-01-02T03:00:00.000,,-1.4,V,SH
V4400201150300,V4,40,2015-01-02T03:00:00.000,2015-01-02T03:00:00.000,-1.0,V,SH
V4420201150300,V4,42,2015-01-02T03:00:00.000,2015-01-02T03:29:00.000,-1.7,V,SH
V4720201150300,V4,72,2015-01-02T03:00:00.000,2015-01-02T03:00:00.000,0.0,V,SH
V4440201150300,V4,44,2015-01-02T03:00:00.000,2015-01-02T03:02:00.000,79.0,V,SH
V4030201150300,V4,3,2015-01-02T03:00:00.000,2015-01-02T03:29:00.000,80.0,V,SH
V4350201150300,V4,35,2015-01-02T03:00:00.000,,0.0,V,SH
V4330201150300,V4,33,2015-01-02T03:00:00.000,,79.0,V,SH
V4320201150330,V4,32,2015-01-02T03:30:00.000,,-1.8,V,SH
V4400201150330,V4,40,2015-01-02T03:30:00.000,2015-01-02T03:30:00.000,-1.7,V,SH
V4420201150330,V4,42,2015-01-02T03:30:00.000,2015-01-02T03:58:00.000,-1.9,V,SH
V4720201150330,V4,72,2015-01-02T03:30:00.000,2015-01-02T03:30:00.000,0.0,V,SH
V4440201150330,V4,44,2015-01-02T03:30:00.000,2015-01-02T03:30:00.000,80.0,V,SH
V4030201150330,V4,3,2015-01-02T03:30:00.000,2015-01-02T03:44:00.000,81.0,V,SH
V4350201150330,V4,35,2015-01-02T03:30:00.000,,0.0,V,SH
V4330201150330,V4,33,2015-01-02T03:30:00.000,,80.0,V,SH
V4320201150400,V4,32,2015-01-02T04:00:00.000,,-1.7,V,SH
V4400201150400,V4,40,2015-01-02T04:00:00.000,2015-01-02T04:29:00.000,-1.3,V,SH
V4420201150400,V4,42,2015-01-02T04:00:00.000,2015-01-02T04:06:00.000,-1.9,V,SH
V4720201150400,V4,72,2015-01-02T04:00:00.000,2015-01-02T04:00:00.000,0.0,V,SH
V4440201150400,V4,44,2015-01-02T04:00:00.000,2015-01-02T04:29:00.000,78.0,V,SH
V4030201150400,V4,3,2015-01-02T04:00:00.000,2015-01-02T04:04:00.000,80.0,V,SH
V4350201150400,V4,35,2015-01-02T04:00:00.000,,0.0,V,SH
V4330201150400,V4,33,2015-01-02T04:00:00.000,,80.0,V,SH
V4440201150430,V4,44,2015-01-02T04:30:00.000,2015-01-02T04:49:00.000,75.0,V,SH
V4030201150430,V4,3,2015-01-02T04:30:00.000,2015-01-02T04:30:00.000,77.0,V,SH
V4350201150430,V4,35,2015-01-02T04:30:00.000,,0.0,V,SH
V4400201150430,V4,40,2015-01-02T04:30:00.000,2015-01-02T04:31:00.000,-1.1,V,SH
V4420201150430,V4,42,2015-01-02T04:30:00.000,2015-01-02T04:44:00.000,-1.4,V,SH
V4330201150430,V4,33,2015-01-02T04:30:00.000,,76.0,V,SH
V4320201150430,V4,32,2015-01-02T04:30:00.000,,-1.3,V,SH
V4720201150430,V4,72,2015-01-02T04:30:00.000,2015-01-02T04:30:00.000,0.0,V,SH
V4350201150500,V4,35,2015-01-02T05:00:00.000,,0.0,V,SH
V4030201150500,V4,3,2015-01-02T05:00:00.000,2015-01-02T05:22:00.000,77.0,V,SH
V4440201150500,V4,44,2015-01-02T05:00:00.000,2015-01-02T05:11:00.000,75.0,V,SH
V4330201150500,V4,33,2015-01-02T05:00:00.000,,76.0,V,SH
V4420201150500,V4,42,2015-01-02T05:00:00.000,2015-01-02T05:21:00.000,-1.7,V,SH
V4400201150500,V4,40,2015-01-02T05:00:00.000,2015-01-02T05:07:00.000,-1.3,V,SH
V4320201150500,V4,32,2015-01-02T05:00:00.000,,-1.4,V,SH
V4720201150500,V4,72,2015-01-02T05:00:00.000,2015-01-02T05:00:00.000,0.0,V,SH
V4320201150530,V4,32,2015-01-02T05:30:00.000,,-1.9,V,SH
V4400201150530,V4,40,2015-01-02T05:30:00.000,2015-01-02T05:30:00.000,-1.4,V,SH
V4420201150530,V4,42,2015-01-02T05:30:00.000,2015-01-02T05:52:00.000,-2.0,V,SH
V4720201150530,V4,72,2015-01-02T05:30:00.000,2015-01-02T05:30:00.000,0.0,V,SH
V4030201150530,V4,3,2015-01-02T05:30:00.000,2015-01-02T05:56:00.000,78.0,V,SH
V4440201150530,V4,44,2015-01-02T05:30:00.000,2015-01-02T05:33:00.000,75.0,V,SH
V4350201150530,V4,35,2015-01-02T05:30:00.000,,0.0,V,SH
V4330201150530,V4,33,2015-01-02T05:30:00.000,,77.0,V,SH
V4720201150600,V4,72,2015-01-02T06:00:00.000,2015-01-02T06:00:00.000,0.0,V,SH
V4320201150600,V4,32,2015-01-02T06:00:00.000,,-1.9,V,SH
V4400201150600,V4,40,2015-01-02T06:00:00.000,2015-01-02T06:25:00.000,-1.8,V,SH
V4350201150600,V4,35,2015-01-02T06:00:00.000,,0.0,V,SH
V4330201150600,V4,33,2015-01-02T06:00:00.000,,78.0,V,SH
V4440201150600,V4,44,2015-01-02T06:00:00.000,2015-01-02T06:29:00.000,77.0,V,SH
V4030201150600,V4,3,2015-01-02T06:00:00.000,2015-01-02T06:10:00.000,79.0,V,SH
V4420201150600,V4,42,2015-01-02T06:00:00.000,2015-01-02T06:08:00.000,-2.1,V,SH
V4330201150630,V4,33,2015-01-02T06:30:00.000,,76.0,V,SH
V4720201150630,V4,72,2015-01-02T06:30:00.000,2015-01-02T06:30:00.000,0.0,V,SH
V4320201150630,V4,32,2015-01-02T06:30:00.000,,-1.6,V,SH
V4400201150630,V4,40,2015-01-02T06:30:00.000,2015-01-02T06:51:00.000,-1.4,V,SH
V4420201150630,V4,42,2015-01-02T06:30:00.000,2015-01-02T06:30:00.000,-1.8,V,SH
V4350201150630,V4,35,2015-01-02T06:30:00.000,,0.0,V,SH
V4440201150630,V4,44,2015-01-02T06:30:00.000,2015-01-02T06:57:00.000,74.0,V,SH
V4030201150630,V4,3,2015-01-02T06:30:00.000,2015-01-02T06:32:00.000,77.0,V,SH
V4330201150700,V4,33,2015-01-02T07:00:00.000,,74.0,V,SH
V4400201150700,V4,40,2015-01-02T07:00:00.000,2015-01-02T07:29:00.000,-1.2,V,SH
V4320201150700,V4,32,2015-01-02T07:00:00.000,,-1.4,V,SH
V4420201150700,V4,42,2015-01-02T07:00:00.000,2015-01-02T07:25:00.000,-1.6,V,SH
V4720201150700,V4,72,2015-01-02T07:00:00.000,2015-01-02T07:00:00.000,0.0,V,SH
V4350201150700,V4,35,2015-01-02T07:00:00.000,,0.0,V,SH
V4030201150700,V4,3,2015-01-02T07:00:00.000,2015-01-02T07:00:00.000,74.0,V,SH
V4440201150700,V4,44,2015-01-02T07:00:00.000,2015-01-02T07:29:00.000,73.0,V,SH
V4330201150730,V4,33,2015-01-02T07:30:00.000,,66.0,V,SH
V4440201150730,V4,44,2015-01-02T07:30:00.000,2015-01-02T07:42:00.000,64.0,V,SH
V4030201150730,V4,3,2015-01-02T07:30:00.000,2015-01-02T07:30:00.000,73.0,V,SH
V4420201150730,V4,42,2015-01-02T07:30:00.000,2015-01-02T07:30:00.000,-1.0,V,SH
V4720201150730,V4,72,2015-01-02T07:30:00.000,2015-01-02T07:30:00.000,0.0,V,SH
V4320201150730,V4,32,2015-01-02T07:30:00.000,,0.3,V,SH
V4400201150730,V4,40,2015-01-02T07:30:00.000,2015-01-02T07:48:00.000,0.7,V,SH
V4350201150730,V4,35,2015-01-02T07:30:00.000,,0.0,V,SH
V4420201150800,V4,42,2015-01-02T08:00:00.000,2015-01-02T08:04:00.000,0.1,V,SH
V4330201150800,V4,33,2015-01-02T08:00:00.000,,64.0,V,SH
V4440201150800,V4,44,2015-01-02T08:00:00.000,2015-01-02T08:24:00.000,63.0,V,SH
V4400201150800,V4,40,2015-01-02T08:00:00.000,2015-01-02T08:29:00.000,1.4,V,SH
V4350201150800,V4,35,2015-01-02T08:00:00.000,,0.0,V,SH
V4720201150800,V4,72,2015-01-02T08:00:00.000,2015-01-02T08:00:00.000,0.0,V,SH
V4320201150800,V4,32,2015-01-02T08:00:00.000,,0.6,V,SH
V4030201150800,V4,3,2015-01-02T08:00:00.000,2015-01-02T08:04:00.000,65.0,V,SH
V4440201150830,V4,44,2015-01-02T08:30:00.000,2015-01-02T08:58:00.000,60.0,V,SH
V4030201150830,V4,3,2015-01-02T08:30:00.000,2015-01-02T08:30:00.000,65.0,V,SH
V4350201150830,V4,35,2015-01-02T08:30:00.000,,0.0,V,SH
V4330201150830,V4,33,2015-01-02T08:30:00.000,,63.0,V,SH
V4320201150830,V4,32,2015-01-02T08:30:00.000,,2.0,V,SH
V4400201150830,V4,40,2015-01-02T08:30:00.000,2015-01-02T08:56:00.000,2.6,V,SH
V4420201150830,V4,42,2015-01-02T08:30:00.000,2015-01-02T08:30:00.000,1.5,V,SH
V4720201150830,V4,72,2015-01-02T08:30:00.000,2015-01-02T08:30:00.000,0.0,V,SH
V4320201150900,V4,32,2015-01-02T09:00:00.000,,3.0,V,SH
V4400201150900,V4,40,2015-01-02T09:00:00.000,2015-01-02T09:29:00.000,3.5,V,SH
V4420201150900,V4,42,2015-01-02T09:00:00.000,2015-01-02T09:00:00.000,2.5,V,SH
V4720201150900,V4,72,2015-01-02T09:00:00.000,2015-01-02T09:00:00.000,0.0,V,SH
V4440201150900,V4,44,2015-01-02T09:00:00.000,2015-01-02T09:29:00.000,57.0,V,SH
V4030201150900,V4,3,2015-01-02T09:00:00.000,2015-01-02T09:00:00.000,61.0,V,SH
V4350201150900,V4,35,2015-01-02T09:00:00.000,,0.0,V,SH
V4330201150900,V4,33,2015-01-02T09:00:00.000,,60.0,V,SH
V4720201150930,V4,72,2015-01-02T09:30:00.000,2015-01-02T09:30:00.000,0.0,V,SH
V4330201150930,V4,33,2015-01-02T09:30:00.000,,55.0,V,SH
V4400201150930,V4,40,2015-01-02T09:30:00.000,2015-01-02T09:59:00.000,5.3,V,SH
V4350201150930,V4,35,2015-01-02T09:30:00.000,,0.0,V,SH
V4320201150930,V4,32,2015-01-02T09:30:00.000,,4.4,V,SH
V4440201150930,V4,44,2015-01-02T09:30:00.000,2015-01-02T09:57:00.000,52.0,V,SH
V4030201150930,V4,3,2015-01-02T09:30:00.000,2015-01-02T09:30:00.000,58.0,V,SH
V4420201150930,V4,42,2015-01-02T09:30:00.000,2015-01-02T09:30:00.000,3.5,V,SH
V4320201151000,V4,32,2015-01-02T10:00:00.000,,6.5,V,SH
V4400201151000,V4,40,2015-01-02T10:00:00.000,2015-01-02T10:29:00.000,7.9,V,SH
V4420201151000,V4,42,2015-01-02T10:00:00.000,2015-01-02T10:00:00.000,5.4,V,SH
V4720201151000,V4,72,2015-01-02T10:00:00.000,2015-01-02T10:00:00.000,0.0,V,SH
V4440201151000,V4,44,2015-01-02T10:00:00.000,2015-01-02T10:10:00.000,48.0,V,SH
V4030201151000,V4,3,2015-01-02T10:00:00.000,2015-01-02T10:00:00.000,53.0,V,SH
V4350201151000,V4,35,2015-01-02T10:00:00.000,,0.0,V,SH
V4330201151000,V4,33,2015-01-02T10:00:00.000,,50.0,V,SH
V4320201151030,V4,32,2015-01-02T10:30:00.000,,8.8,V,SH
V4400201151030,V4,40,2015-01-02T10:30:00.000,2015-01-02T10:57:00.000,9.6,V,SH
V4420201151030,V4,42,2015-01-02T10:30:00.000,2015-01-02T10:30:00.000,8.0,V,SH
V4720201151030,V4,72,2015-01-02T10:30:00.000,2015-01-02T10:30:00.000,0.0,V,SH
V4440201151030,V4,44,2015-01-02T10:30:00.000,2015-01-02T10:59:00.000,43.0,V,SH
V4030201151030,V4,3,2015-01-02T10:30:00.000,2015-01-02T10:35:00.000,50.0,V,SH
V4350201151030,V4,35,2015-01-02T10:30:00.000,,0.0,V,SH
V4330201151030,V4,33,2015-01-02T10:30:00.000,,47.0,V,SH
V4320201151100,V4,32,2015-01-02T11:00:00.000,,10.3,V,SH
V4400201151100,V4,40,2015-01-02T11:00:00.000,2015-01-02T11:29:00.000,11.2,V,SH
V4420201151100,V4,42,2015-01-02T11:00:00.000,2015-01-02T11:00:00.000,9.5,V,SH
V4720201151100,V4,72,2015-01-02T11:00:00.000,2015-01-02T11:00:00.000,0.0,V,SH
V4440201151100,V4,44,2015-01-02T11:00:00.000,2015-01-02T11:29:00.000,36.0,V,SH
V4030201151100,V4,3,2015-01-02T11:00:00.000,2015-01-02T11:09:00.000,44.0,V,SH
V4350201151100,V4,35,2015-01-02T11:00:00.000,,0.0,V,SH
V4330201151100,V4,33,2015-01-02T11:00:00.000,,41.0,V,SH
V4030201151130,V4,3,2015-01-02T11:30:00.000,2015-01-02T11:57:00.000,40.0,V,SH
V4350201151130,V4,35,2015-01-02T11:30:00.000,,0.0,V,SH
V4720201151130,V4,72,2015-01-02T11:30:00.000,2015-01-02T11:30:00.000,0.0,V,SH
V4320201151130,V4,32,2015-01-02T11:30:00.000,,11.8,V,SH
V4420201151130,V4,42,2015-01-02T11:30:00.000,2015-01-02T11:30:00.000,11.2,V,SH
V4330201151130,V4,33,2015-01-02T11:30:00.000,,38.0,V,SH
V4440201151130,V4,44,2015-01-02T11:30:00.000,2015-01-02T11:30:00.000,35.0,V,SH
V4400201151130,V4,40,2015-01-02T11:30:00.000,2015-01-02T11:57:00.000,12.3,V,SH
V4320201151200,V4,32,2015-01-02T12:00:00.000,,12.8,V,SH
V4400201151200,V4,40,2015-01-02T12:00:00.000,2015-01-02T12:19:00.000,13.2,V,SH
V4420201151200,V4,42,2015-01-02T12:00:00.000,2015-01-02T12:00:00.000,12.3,V,SH
V4720201151200,V4,72,2015-01-02T12:00:00.000,2015-01-02T12:00:00.000,0.0,V,SH
V4440201151200,V4,44,2015-01-02T12:00:00.000,2015-01-02T12:29:00.000,39.0,V,SH
V4030201151200,V4,3,2015-01-02T12:00:00.000,2015-01-02T12:15:00.000,41.0,V,SH
V4350201151200,V4,35,2015-01-02T12:00:00.000,,0.0,V,SH
V4330201151200,V4,33,2015-01-02T12:00:00.000,,40.0,V,SH
V4420201151230,V4,42,2015-01-02T12:30:00.000,2015-01-02T12:31:00.000,13.0,V,SH
V4330201151230,V4,33,2015-01-02T12:30:00.000,,38.0,V,SH
V4440201151230,V4,44,2015-01-02T12:30:00.000,2015-01-02T12:56:00.000,35.0,V,SH
V4400201151230,V4,40,2015-01-02T12:30:00.000,2015-01-02T12:59:00.000,14.1,V,SH
V4350201151230,V4,35,2015-01-02T12:30:00.000,,0.0,V,SH
V4720201151230,V4,72,2015-01-02T12:30:00.000,2015-01-02T12:30:00.000,0.0,V,SH
V4320201151230,V4,32,2015-01-02T12:30:00.000,,13.5,V,SH
V4030201151230,V4,3,2015-01-02T12:30:00.000,2015-01-02T12:31:00.000,40.0,V,SH
V4330201151300,V4,33,2015-01-02T13:00:00.000,,33.0,V,SH
V4030201151300,V4,3,2015-01-02T13:00:00.000,2015-01-02T13:02:00.000,36.0,V,SH
V4440201151300,V4,44,2015-01-02T13:00:00.000,2015-01-02T13:28:00.000,26.0,V,SH
V4420201151300,V4,42,2015-01-02T13:00:00.000,2015-01-02T13:00:00.000,14.1,V,SH
V4720201151300,V4,72,2015-01-02T13:00:00.000,2015-01-02T13:00:00.000,0.0,V,SH
V4320201151300,V4,32,2015-01-02T13:00:00.000,,15.0,V,SH
V4400201151300,V4,40,2015-01-02T13:00:00.000,2015-01-02T13:24:00.000,15.9,V,SH
V4350201151300,V4,35,2015-01-02T13:00:00.000,,0.0,V,SH
V4440201151330,V4,44,2015-01-02T13:30:00.000,2015-01-02T13:33:00.000,24.0,V,SH
V4030201151330,V4,3,2015-01-02T13:30:00.000,2015-01-02T13:56:00.000,34.0,V,SH
V4350201151330,V4,35,2015-01-02T13:30:00.000,,0.0,V,SH
V4330201151330,V4,33,2015-01-02T13:30:00.000,,30.0,V,SH
V4320201151330,V4,32,2015-01-02T13:30:00.000,,16.1,V,SH
V4400201151330,V4,40,2015-01-02T13:30:00.000,2015-01-02T13:50:00.000,16.5,V,SH
V4420201151330,V4,42,2015-01-02T13:30:00.000,2015-01-02T13:59:00.000,15.7,V,SH
V4720201151330,V4,72,2015-01-02T13:30:00.000,2015-01-02T13:30:00.000,0.0,V,SH
V4320201151400,V4,32,2015-01-02T14:00:00.000,,15.0,V,SH
V4400201151400,V4,40,2015-01-02T14:00:00.000,2015-01-02T14:00:00.000,15.6,V,SH
V4420201151400,V4,42,2015-01-02T14:00:00.000,2015-01-02T14:25:00.000,14.7,V,SH
V4720201151400,V4,72,2015-01-02T14:00:00.000,2015-01-02T14:00:00.000,0.0,V,SH
V4440201151400,V4,44,2015-01-02T14:00:00.000,2015-01-02T14:18:00.000,28.0,V,SH
V4030201151400,V4,3,2015-01-02T14:00:00.000,2015-01-02T14:03:00.000,34.0,V,SH
V4350201151400,V4,35,2015-01-02T14:00:00.000,,0.0,V,SH
V4330201151400,V4,33,2015-01-02T14:00:00.000,,31.0,V,SH
V4320201151430,V4,32,2015-01-02T14:30:00.000,,14.5,V,SH
V4400201151430,V4,40,2015-01-02T14:30:00.000,2015-01-02T14:35:00.000,14.9,V,SH
V4420201151430,V4,42,2015-01-02T14:30:00.000,2015-01-02T14:59:00.000,13.9,V,SH
V4720201151430,V4,72,2015-01-02T14:30:00.000,2015-01-02T14:30:00.000,0.0,V,SH
V4440201151430,V4,44,2015-01-02T14:30:00.000,2015-01-02T14:39:00.000,29.0,V,SH
V4030201151430,V4,3,2015-01-02T14:30:00.000,2015-01-02T14:52:00.000,34.0,V,SH
V4350201151430,V4,35,2015-01-02T14:30:00.000,,0.0,V,SH
V4330201151430,V4,33,2015-01-02T14:30:00.000,,31.0,V,SH
V4320201151500,V4,32,2015-01-02T15:00:00.000,,13.9,V,SH
V4400201151500,V4,40,2015-01-02T15:00:00.000,2015-01-02T15:14:00.000,14.3,V,SH
V4420201151500,V4,42,2015-01-02T15:00:00.000,2015-01-02T15:29:00.000,13.2,V,SH
V4720201151500,V4,72,2015-01-02T15:00:00.000,2015-01-02T15:00:00.000,0.0,V,SH
V4440201151500,V4,44,2015-01-02T15:00:00.000,2015-01-02T15:07:00.000,31.0,V,SH
V4030201151500,V4,3,2015-01-02T15:00:00.000,2015-01-02T15:13:00.000,38.0,V,SH
V4350201151500,V4,35,2015-01-02T15:00:00.000,,0.0,V,SH
V4330201151500,V4,33,2015-01-02T15:00:00.000,,35.0,V,SH
V4320201151530,V4,32,2015-01-02T15:30:00.000,,12.2,V,SH
V4400201151530,V4,40,2015-01-02T15:30:00.000,2015-01-02T15:30:00.000,13.1,V,SH
V4420201151530,V4,42,2015-01-02T15:30:00.000,2015-01-02T15:58:00.000,11.4,V,SH
V4720201151530,V4,72,2015-01-02T15:30:00.000,2015-01-02T15:30:00.000,0.0,V,SH
V4440201151530,V4,44,2015-01-02T15:30:00.000,2015-01-02T15:30:00.000,38.0,V,SH
V4030201151530,V4,3,2015-01-02T15:30:00.000,2015-01-02T15:53:00.000,46.0,V,SH
V4350201151530,V4,35,2015-01-02T15:30:00.000,,0.0,V,SH
V4330201151530,V4,33,2015-01-02T15:30:00.000,,42.0,V,SH
V4420201151600,V4,42,2015-01-02T16:00:00.000,2015-01-02T16:29:00.000,10.2,V,SH
V4330201151600,V4,33,2015-01-02T16:00:00.000,,43.0,V,SH
V4320201151600,V4,32,2015-01-02T16:00:00.000,,10.9,V,SH
V4720201151600,V4,72,2015-01-02T16:00:00.000,2015-01-02T16:00:00.000,0.0,V,SH
V4440201151600,V4,44,2015-01-02T16:00:00.000,2015-01-02T16:00:00.000,41.0,V,SH
V4030201151600,V4,3,2015-01-02T16:00:00.000,2015-01-02T16:17:00.000,44.0,V,SH
V4350201151600,V4,35,2015-01-02T16:00:00.000,,0.0,V,SH
V4400201151600,V4,40,2015-01-02T16:00:00.000,2015-01-02T16:00:00.000,11.4,V,SH
V4400201151630,V4,40,2015-01-02T16:30:00.000,2015-01-02T16:30:00.000,10.1,V,SH
V4320201151630,V4,32,2015-01-02T16:30:00.000,,9.7,V,SH
V4030201151630,V4,3,2015-01-02T16:30:00.000,2015-01-02T16:59:00.000,51.0,V,SH
V4440201151630,V4,44,2015-01-02T16:30:00.000,2015-01-02T16:30:00.000,45.0,V,SH
V4330201151630,V4,33,2015-01-02T16:30:00.000,,49.0,V,SH
V4420201151630,V4,42,2015-01-02T16:30:00.000,2015-01-02T16:59:00.000,9.3,V,SH
V4720201151630,V4,72,2015-01-02T16:30:00.000,2015-01-02T16:30:00.000,0.0,V,SH
V4350201151630,V4,35,2015-01-02T16:30:00.000,,0.0,V,SH
V4400201151700,V4,40,2015-01-02T17:00:00.000,2015-01-02T17:00:00.000,9.3,V,SH
V4420201151700,V4,42,2015-01-02T17:00:00.000,2015-01-02T17:29:00.000,8.7,V,SH
V4330201151700,V4,33,2015-01-02T17:00:00.000,,53.0,V,SH
V4720201151700,V4,72,2015-01-02T17:00:00.000,2015-01-02T17:00:00.000,0.0,V,SH
V4320201151700,V4,32,2015-01-02T17:00:00.000,,9.0,V,SH
V4030201151700,V4,3,2015-01-02T17:00:00.000,2015-01-02T17:29:00.000,54.0,V,SH
V4350201151700,V4,35,2015-01-02T17:00:00.000,,0.0,V,SH
V4440201151700,V4,44,2015-01-02T17:00:00.000,2015-01-02T17:00:00.000,51.0,V,SH
V4400201151730,V4,40,2015-01-02T17:30:00.000,2015-01-02T17:30:00.000,8.6,V,SH
V4420201151730,V4,42,2015-01-02T17:30:00.000,2015-01-02T17:59:00.000,6.8,V,SH
V4440201151730,V4,44,2015-01-02T17:30:00.000,2015-01-02T17:30:00.000,54.0,V,SH
V4720201151730,V4,72,2015-01-02T17:30:00.000,2015-01-02T17:30:00.000,0.0,V,SH
V4330201151730,V4,33,2015-01-02T17:30:00.000,,57.0,V,SH
V4030201151730,V4,3,2015-01-02T17:30:00.000,2015-01-02T17:59:00.000,60.0,V,SH
V4350201151730,V4,35,2015-01-02T17:30:00.000,,0.0,V,SH
V4320201151730,V4,32,2015-01-02T17:30:00.000,,7.6,V,SH
V4320201151800,V4,32,2015-01-02T18:00:00.000,,6.2,V,SH
V4400201151800,V4,40,2015-01-02T18:00:00.000,2015-01-02T18:00:00.000,6.7,V,SH
V4420201151800,V4,42,2015-01-02T18:00:00.000,2015-01-02T18:29:00.000,5.5,V,SH
V4720201151800,V4,72,2015-01-02T18:00:00.000,2015-01-02T18:00:00.000,0.0,V,SH
V4440201151800,V4,44,2015-01-02T18:00:00.000,2015-01-02T18:00:00.000,60.0,V,SH
V4030201151800,V4,3,2015-01-02T18:00:00.000,2015-01-02T18:29:00.000,62.0,V,SH
V4350201151800,V4,35,2015-01-02T18:00:00.000,,0.0,V,SH
V4330201151800,V4,33,2015-01-02T18:00:00.000,,61.0,V,SH
V4440201151830,V4,44,2015-01-02T18:30:00.000,2015-01-02T18:30:00.000,62.0,V,SH
V4420201151830,V4,42,2015-01-02T18:30:00.000,2015-01-02T18:59:00.000,4.2,V,SH
V4330201151830,V4,33,2015-01-02T18:30:00.000,,65.0,V,SH
V4030201151830,V4,3,2015-01-02T18:30:00.000,2015-01-02T18:59:00.000,67.0,V,SH
V4400201151830,V4,40,2015-01-02T18:30:00.000,2015-01-02T18:30:00.000,5.5,V,SH
V4350201151830,V4,35,2015-01-02T18:30:00.000,,0.0,V,SH
V4720201151830,V4,72,2015-01-02T18:30:00.000,2015-01-02T18:30:00.000,0.0,V,SH
V4320201151830,V4,32,2015-01-02T18:30:00.000,,4.7,V,SH
V4350201151900,V4,35,2015-01-02T19:00:00.000,,0.0,V,SH
V4320201151900,V4,32,2015-01-02T19:00:00.000,,4.2,V,SH
V4400201151900,V4,40,2015-01-02T19:00:00.000,2015-01-02T19:29:00.000,4.3,V,SH
V4720201151900,V4,72,2015-01-02T19:00:00.000,2015-01-02T19:00:00.000,0.0,V,SH
V4330201151900,V4,33,2015-01-02T19:00:00.000,,66.0,V,SH
V4440201151900,V4,44,2015-01-02T19:00:00.000,2015-01-02T19:29:00.000,64.0,V,SH
V4030201151900,V4,3,2015-01-02T19:00:00.000,2015-01-02T19:01:00.000,67.0,V,SH
V4420201151900,V4,42,2015-01-02T19:00:00.000,2015-01-02T19:11:00.000,4.1,V,SH
V4030201151930,V4,3,2015-01-02T19:30:00.000,2015-01-02T19:58:00.000,64.0,V,SH
V4350201151930,V4,35,2015-01-02T19:30:00.000,,0.0,V,SH
V4320201151930,V4,32,2015-01-02T19:30:00.000,,4.4,V,SH
V4720201151930,V4,72,2015-01-02T19:30:00.000,2015-01-02T19:30:00.000,0.0,V,SH
V4420201151930,V4,42,2015-01-02T19:30:00.000,2015-01-02T19:59:00.000,4.2,V,SH
V4330201151930,V4,33,2015-01-02T19:30:00.000,,63.0,V,SH
V4440201151930,V4,44,2015-01-02T19:30:00.000,2015-01-02T19:36:00.000,63.0,V,SH
V4400201151930,V4,40,2015-01-02T19:30:00.000,2015-01-02T19:33:00.000,4.7,V,SH
V4320201152000,V4,32,2015-01-02T20:00:00.000,,4.6,V,SH
V4400201152000,V4,40,2015-01-02T20:00:00.000,2015-01-02T20:17:00.000,5.0,V,SH
V4420201152000,V4,42,2015-01-02T20:00:00.000,2015-01-02T20:03:00.000,4.1,V,SH
V4720201152000,V4,72,2015-01-02T20:00:00.000,2015-01-02T20:00:00.000,0.0,V,SH
V4440201152000,V4,44,2015-01-02T20:00:00.000,2015-01-02T20:14:00.000,59.0,V,SH
V4030201152000,V4,3,2015-01-02T20:00:00.000,2015-01-02T20:02:00.000,64.0,V,SH
V4350201152000,V4,35,2015-01-02T20:00:00.000,,0.0,V,SH
V4330201152000,V4,33,2015-01-02T20:00:00.000,,61.0,V,SH
V4400201152030,V4,40,2015-01-02T20:30:00.000,2015-01-02T20:30:00.000,4.1,V,SH
V4420201152030,V4,42,2015-01-02T20:30:00.000,2015-01-02T20:51:00.000,2.8,V,SH
V4330201152030,V4,33,2015-01-02T20:30:00.000,,67.0,V,SH
V4320201152030,V4,32,2015-01-02T20:30:00.000,,3.2,V,SH
V4030201152030,V4,3,2015-01-02T20:30:00.000,2015-01-02T20:51:00.000,68.0,V,SH
V4350201152030,V4,35,2015-01-02T20:30:00.000,,0.0,V,SH
V4720201152030,V4,72,2015-01-02T20:30:00.000,2015-01-02T20:30:00.000,0.0,V,SH
V4440201152030,V4,44,2015-01-02T20:30:00.000,2015-01-02T20:59:00.000,63.0,V,SH
V4420201152100,V4,42,2015-01-02T21:00:00.000,2015-01-02T21:29:00.000,3.2,V,SH
V4330201152100,V4,33,2015-01-02T21:00:00.000,,61.0,V,SH
V4440201152100,V4,44,2015-01-02T21:00:00.000,2015-01-02T21:09:00.000,59.0,V,SH
V4400201152100,V4,40,2015-01-02T21:00:00.000,2015-01-02T21:06:00.000,4.6,V,SH
V4350201152100,V4,35,2015-01-02T21:00:00.000,,0.0,V,SH
V4720201152100,V4,72,2015-01-02T21:00:00.000,2015-01-02T21:00:00.000,0.0,V,SH
V4320201152100,V4,32,2015-01-02T21:00:00.000,,4.0,V,SH
V4030201152100,V4,3,2015-01-02T21:00:00.000,2015-01-02T21:29:00.000,65.0,V,SH
V4320201152130,V4,32,2015-01-02T21:30:00.000,,2.6,V,SH
V4440201152130,V4,44,2015-01-02T21:30:00.000,2015-01-02T21:30:00.000,65.0,V,SH
V4030201152130,V4,3,2015-01-02T21:30:00.000,2015-01-02T21:58:00.000,69.0,V,SH
V4330201152130,V4,33,2015-01-02T21:30:00.000,,68.0,V,SH
V4720201152130,V4,72,2015-01-02T21:30:00.000,2015-01-02T21:30:00.000,0.0,V,SH
V4400201152130,V4,40,2015-01-02T21:30:00.000,2015-01-02T21:30:00.000,3.2,V,SH
V4420201152130,V4,42,2015-01-02T21:30:00.000,2015-01-02T21:59:00.000,2.2,V,SH
V4350201152130,V4,35,2015-01-02T21:30:00.000,,0.0,V,SH
V4330201152200,V4,33,2015-01-02T22:00:00.000,,69.0,V,SH
V4440201152200,V4,44,2015-01-02T22:00:00.000,2015-01-02T22:29:00.000,68.0,V,SH
V4030201152200,V4,3,2015-01-02T22:00:00.000,2015-01-02T22:04:00.000,69.0,V,SH
V4420201152200,V4,42,2015-01-02T22:00:00.000,2015-01-02T22:00:00.000,2.2,V,SH
V4720201152200,V4,72,2015-01-02T22:00:00.000,2015-01-02T22:00:00.000,0.0,V,SH
V4320201152200,V4,32,2015-01-02T22:00:00.000,,2.4,V,SH
V4400201152200,V4,40,2015-01-02T22:00:00.000,2015-01-02T22:25:00.000,2.5,V,SH
V4350201152200,V4,35,2015-01-02T22:00:00.000,,0.0,V,SH
V4320201152230,V4,32,2015-01-02T22:30:00.000,,2.6,V,SH
V4400201152230,V4,40,2015-01-02T22:30:00.000,2015-01-02T22:41:00.000,2.8,V,SH
V4420201152230,V4,42,2015-01-02T22:30:00.000,2015-01-02T22:57:00.000,2.3,V,SH
V4720201152230,V4,72,2015-01-02T22:30:00.000,2015-01-02T22:30:00.000,0.0,V,SH
V4440201152230,V4,44,2015-01-02T22:30:00.000,2015-01-02T22:41:00.000,66.0,V,SH
V4030201152230,V4,3,2015-01-02T22:30:00.000,2015-01-02T22:57:00.000,68.0,V,SH
V4350201152230,V4,35,2015-01-02T22:30:00.000,,0.0,V,SH
V4330201152230,V4,33,2015-01-02T22:30:00.000,,67.0,V,SH
V4320201152300,V4,32,2015-01-02T23:00:00.000,,2.4,V,SH
V4350201152300,V4,35,2015-01-02T23:00:00.000,,0.0,V,SH
V4720201152300,V4,72,2015-01-02T23:00:00.000,2015-01-02T23:00:00.000,0.0,V,SH
V4030201152300,V4,3,2015-01-02T23:00:00.000,2015-01-02T23:29:00.000,70.0,V,SH
V4420201152300,V4,42,2015-01-02T23:00:00.000,2015-01-02T23:29:00.000,1.7,V,SH
V4330201152300,V4,33,2015-01-02T23:00:00.000,,67.0,V,SH
V4440201152300,V4,44,2015-01-02T23:00:00.000,2015-01-02T23:08:00.000,65.0,V,SH
V4400201152300,V4,40,2015-01-02T23:00:00.000,2015-01-02T23:10:00.000,2.7,V,SH
V4320201152330,V4,32,2015-01-02T23:30:00.000,,2.1,V,SH
V4400201152330,V4,40,2015-01-02T23:30:00.000,2015-01-02T23:53:00.000,2.3,V,SH
V4420201152330,V4,42,2015-01-02T23:30:00.000,2015-01-02T23:30:00.000,1.7,V,SH
V4720201152330,V4,72,2015-01-02T23:30:00.000,2015-01-02T23:30:00.000,0.0,V,SH
V4440201152330,V4,44,2015-01-02T23:30:00.000,2015-01-02T23:54:00.000,67.0,V,SH
V4030201152330,V4,3,2015-01-02T23:30:00.000,2015-01-02T23:30:00.000,70.0,V,SH
V4350201152330,V4,35,2015-01-02T23:30:00.000,,0.0,V,SH
V4330201152330,V4,33,2015-01-02T23:30:00.000,,68.0,V,SH
V4320301150000,V4,32,2015-01-03T00:00:00.000,,1.6,V,SH
V4400301150000,V4,40,2015-01-03T00:00:00.000,2015-01-03T00:00:00.000,2.0,V,SH
V4420301150000,V4,42,2015-01-03T00:00:00.000,2015-01-03T00:29:00.000,1.1,V,SH
V4720301150000,V4,72,2015-01-03T00:00:00.000,2015-01-03T00:00:00.000,0.0,V,SH
V4440301150000,V4,44,2015-01-03T00:00:00.000,2015-01-03T00:00:00.000,68.0,V,SH
V4030301150000,V4,3,2015-01-03T00:00:00.000,2015-01-03T00:29:00.000,72.0,V,SH
V4350301150000,V4,35,2015-01-03T00:00:00.000,,0.0,V,SH
V4330301150000,V4,33,2015-01-03T00:00:00.000,,70.0,V,SH
